id,time,x,y,camera_id,user_id,track_id,2,1,4
10832,2024-12-30 16:49:50+00:00,351.37908935546875,481.3585662841797,1,1,1,False,False,False
10833,2024-12-30 16:49:50+00:00,355.0980224609375,481.42529296875,1,1,1,False,False,False
10834,2024-12-30 16:49:50+00:00,361.1763916015625,481.00135803222656,1,1,1,False,False,False
10835,2024-12-30 16:49:50+00:00,368.2220153808594,480.68682861328125,1,1,1,False,False,False
10836,2024-12-30 16:49:50+00:00,377.0603332519531,480.52056884765625,1,1,1,False,False,False
10837,2024-12-30 16:49:50+00:00,388.4289245605469,480.4164733886719,1,1,1,False,False,False
10838,2024-12-30 16:49:50+00:00,397.6623840332031,480.2930603027344,1,1,1,False,False,False
10839,2024-12-30 16:49:50+00:00,404.0840759277344,480.13299560546875,1,1,1,False,False,False
10840,2024-12-30 16:49:50+00:00,406.4183349609375,480.1321258544922,1,1,1,False,False,False
10841,2024-12-30 16:49:50+00:00,404.9831848144531,480.11395263671875,1,1,1,False,False,False
10842,2024-12-30 16:49:51+00:00,398.9998474121094,479.9893798828125,1,1,1,False,False,False
10843,2024-12-30 16:49:51+00:00,385.7201232910156,479.9182434082031,1,1,1,False,False,False
10844,2024-12-30 16:49:51+00:00,372.1633605957031,479.9849395751953,1,1,1,False,False,False
10845,2024-12-30 16:49:51+00:00,356.79168701171875,479.8766174316406,1,1,1,False,False,False
10846,2024-12-30 16:49:51+00:00,336.68133544921875,479.7317810058594,1,1,1,True,False,False
10847,2024-12-30 16:49:51+00:00,318.1416931152344,479.6934051513672,1,1,1,True,False,False
10848,2024-12-30 16:49:51+00:00,308.6301574707031,479.7731628417969,1,1,1,True,False,False
10849,2024-12-30 16:49:51+00:00,305.3790588378906,479.8154754638672,1,1,1,True,False,False
10850,2024-12-30 16:49:51+00:00,307.68914794921875,479.7679748535156,1,1,1,True,False,False
10851,2024-12-30 16:49:52+00:00,312.74761962890625,479.77880859375,1,1,1,True,False,False
10852,2024-12-30 16:49:52+00:00,313.8297119140625,479.10401916503906,1,1,1,True,False,False
10853,2024-12-30 16:49:52+00:00,317.5783996582031,479.49237060546875,1,1,1,True,False,False
10854,2024-12-30 16:49:52+00:00,322.2532653808594,479.4341735839844,1,1,1,True,False,False
10855,2024-12-30 16:49:52+00:00,336.1446228027344,479.32167053222656,1,1,1,True,False,False
10856,2024-12-30 16:49:52+00:00,342.80792236328125,479.5362854003906,1,1,1,True,False,False
10857,2024-12-30 16:49:52+00:00,342.9485778808594,479.6549835205078,1,1,1,True,False,False
10858,2024-12-30 16:49:52+00:00,345.11871337890625,479.8779296875,1,1,1,True,False,False
10859,2024-12-30 16:49:52+00:00,346.49920654296875,479.8858184814453,1,1,1,True,False,False
10860,2024-12-30 16:49:53+00:00,343.9278259277344,479.77520751953125,1,1,1,True,False,False
10861,2024-12-30 16:49:53+00:00,340.523193359375,479.7950439453125,1,1,1,True,False,False
10862,2024-12-30 16:49:53+00:00,337.1265563964844,479.49082946777344,1,1,1,True,False,False
10863,2024-12-30 16:49:53+00:00,332.2085266113281,479.84458923339844,1,1,1,True,False,False
10864,2024-12-30 16:49:53+00:00,328.2770080566406,477.38856506347656,1,1,1,True,False,False
10865,2024-12-30 16:49:53+00:00,319.7598571777344,457.22279357910156,1,1,1,True,True,False
10866,2024-12-30 16:49:53+00:00,314.4747314453125,441.0970458984375,1,1,1,True,True,False
10867,2024-12-30 16:49:53+00:00,310.596923828125,434.5452575683594,1,1,1,True,True,False
10868,2024-12-30 16:49:53+00:00,311.513916015625,430.8887176513672,1,1,1,True,True,False
10869,2024-12-30 16:49:54+00:00,311.367919921875,418.60142517089844,1,1,1,True,True,False
10870,2024-12-30 16:49:54+00:00,311.1221008300781,395.59559631347656,1,1,1,True,True,False
10871,2024-12-30 16:49:54+00:00,313.80059814453125,384.6296691894531,1,1,1,True,True,False
10872,2024-12-30 16:49:54+00:00,318.06341552734375,381.375,1,1,1,True,True,False
10873,2024-12-30 16:49:54+00:00,320.7828369140625,379.1746520996094,1,1,1,True,True,False
10874,2024-12-30 16:49:54+00:00,322.6005859375,376.1416778564453,1,1,1,True,True,False
10875,2024-12-30 16:49:54+00:00,324.65850830078125,373.0278091430664,1,1,1,True,True,False
10876,2024-12-30 16:49:54+00:00,326.3385009765625,371.99269104003906,1,1,1,True,True,False
10877,2024-12-30 16:49:54+00:00,328.6539306640625,371.9694595336914,1,1,1,True,True,False
10878,2024-12-30 16:49:55+00:00,330.1991271972656,371.6931381225586,1,1,1,True,True,False
10879,2024-12-30 16:49:55+00:00,331.269775390625,372.16670989990234,1,1,1,True,True,False
10880,2024-12-30 16:49:55+00:00,331.7794189453125,371.9548873901367,1,1,1,True,True,False
10881,2024-12-30 16:49:55+00:00,331.5027160644531,372.1050720214844,1,1,1,True,True,False
10882,2024-12-30 16:49:55+00:00,329.972900390625,375.2887725830078,1,1,1,True,True,False
10883,2024-12-30 16:49:55+00:00,328.2157897949219,380.0586166381836,1,1,1,True,True,False
10884,2024-12-30 16:49:55+00:00,324.4140319824219,383.89684295654297,1,1,1,True,True,False
10885,2024-12-30 16:49:55+00:00,319.4068603515625,386.81736755371094,1,1,1,True,True,False
10886,2024-12-30 16:49:55+00:00,315.002197265625,387.9264678955078,1,1,1,True,True,False
10887,2024-12-30 16:49:56+00:00,308.8892822265625,389.6875762939453,1,1,1,True,True,False
10888,2024-12-30 16:49:56+00:00,299.93341064453125,390.96588134765625,1,1,1,True,True,False
10889,2024-12-30 16:49:56+00:00,299.0122985839844,401.2142791748047,1,1,1,True,True,False
10890,2024-12-30 16:49:56+00:00,300.3583068847656,406.705322265625,1,1,1,True,True,False
10891,2024-12-30 16:49:56+00:00,302.1845397949219,408.2818603515625,1,1,1,True,True,False
10892,2024-12-30 16:49:56+00:00,297.6097106933594,412.62794494628906,1,1,1,True,True,False
10893,2024-12-30 16:49:56+00:00,293.888671875,429.8287811279297,1,1,1,True,True,False
10894,2024-12-30 16:49:56+00:00,293.9508361816406,434.7181701660156,1,1,1,True,True,False
10895,2024-12-30 16:49:56+00:00,297.1278076171875,436.5238342285156,1,1,1,True,True,False
10896,2024-12-30 16:49:57+00:00,297.1178283691406,441.72230529785156,1,1,1,True,True,False
10897,2024-12-30 16:49:57+00:00,298.3270263671875,467.32130432128906,1,1,1,True,True,False
10898,2024-12-30 16:49:57+00:00,302.03143310546875,476.90899658203125,1,1,1,True,False,False
10899,2024-12-30 16:49:57+00:00,308.2413024902344,480.59674072265625,1,1,1,False,False,False
10900,2024-12-30 16:49:57+00:00,318.7563781738281,481.16529846191406,1,1,1,False,False,False
10901,2024-12-30 16:49:57+00:00,327.31719970703125,481.2377471923828,1,1,1,False,False,False
10902,2024-12-30 16:49:57+00:00,354.46710205078125,481.7626647949219,1,1,1,False,False,False
10903,2024-12-30 16:49:57+00:00,380.93310546875,471.2533721923828,1,1,1,True,True,False
10904,2024-12-30 16:49:58+00:00,407.446533203125,476.84974670410156,1,1,1,True,False,False
10905,2024-12-30 16:49:58+00:00,443.50701904296875,479.4613494873047,1,1,1,False,False,False
10906,2024-12-30 16:49:58+00:00,465.63262939453125,479.7771301269531,1,1,1,False,False,False
10907,2024-12-30 16:49:58+00:00,484.98736572265625,474.9923400878906,1,1,1,True,True,False
10908,2024-12-30 16:49:58+00:00,496.91680908203125,472.2452850341797,1,1,1,True,True,False
10909,2024-12-30 16:49:58+00:00,503.3975830078125,477.4956512451172,1,1,1,True,False,False
10910,2024-12-30 16:49:58+00:00,514.13232421875,478.968994140625,1,1,1,False,False,False
10911,2024-12-30 16:49:59+00:00,531.98095703125,478.7228240966797,1,1,1,False,False,False
10912,2024-12-30 16:49:59+00:00,547.0479736328125,479.4864196777344,1,1,1,False,False,False
10913,2024-12-30 16:49:59+00:00,558.4072875976562,479.8511047363281,1,1,1,False,False,False
10914,2024-12-30 16:49:59+00:00,565.9000244140625,479.9340362548828,1,1,1,False,False,False
10915,2024-12-30 16:49:59+00:00,573.7078857421875,479.74668884277344,1,1,1,False,False,False
10916,2024-12-30 16:49:59+00:00,581.106201171875,480.2656555175781,1,1,1,False,False,False
10917,2024-12-30 16:49:59+00:00,586.5446166992188,480.33934020996094,1,1,1,False,False,False
10918,2024-12-30 16:49:59+00:00,583.6918334960938,480.41217041015625,1,1,1,False,False,False
10919,2024-12-30 16:49:59+00:00,581.55224609375,480.11279296875,1,1,1,False,False,False
10920,2024-12-30 16:50:00+00:00,583.8844604492188,467.4010772705078,1,1,1,True,True,False
10921,2024-12-30 16:50:00+00:00,586.876953125,452.6309814453125,1,1,1,True,True,False
10922,2024-12-30 16:50:00+00:00,588.9155883789062,434.16078186035156,1,1,1,True,True,False
10923,2024-12-30 16:50:00+00:00,590.6355590820312,424.241943359375,1,1,1,True,True,False
10924,2024-12-30 16:50:00+00:00,591.894287109375,418.605712890625,1,1,1,True,True,False
10925,2024-12-30 16:50:00+00:00,589.0428466796875,437.6942901611328,1,1,1,True,True,False
10926,2024-12-30 16:50:00+00:00,597.1165771484375,436.97991943359375,1,1,1,True,True,False
10927,2024-12-30 16:50:00+00:00,599.936767578125,435.3597412109375,1,1,1,True,True,False
10928,2024-12-30 16:50:00+00:00,597.0033569335938,436.3484344482422,1,1,1,True,True,False
10929,2024-12-30 16:50:01+00:00,599.6533203125,453.57594299316406,1,1,1,True,True,False
10930,2024-12-30 16:50:01+00:00,600.7736206054688,470.78663635253906,1,1,1,True,True,False
10931,2024-12-30 16:50:01+00:00,600.4724731445312,477.60650634765625,1,1,1,True,True,False
10932,2024-12-30 16:50:01+00:00,599.43798828125,480.1058044433594,1,1,1,False,False,False
10933,2024-12-30 16:50:01+00:00,594.886962890625,481.01953125,1,1,1,False,False,False
10934,2024-12-30 16:50:01+00:00,593.9998779296875,480.85340881347656,1,1,1,False,False,False
10935,2024-12-30 16:50:01+00:00,592.6929321289062,480.83929443359375,1,1,1,False,False,False
10936,2024-12-30 16:50:01+00:00,590.5980224609375,481.0070343017578,1,1,1,False,False,False
10937,2024-12-30 16:50:01+00:00,586.6004028320312,480.3931427001953,1,1,1,False,False,False
10938,2024-12-30 16:50:01+00:00,580.2918090820312,480.1171569824219,1,1,1,False,False,False
10939,2024-12-30 16:50:02+00:00,569.7160034179688,479.49864196777344,1,1,1,False,False,False
10940,2024-12-30 16:50:02+00:00,561.4954223632812,479.88059997558594,1,1,1,False,False,False
10941,2024-12-30 16:50:02+00:00,559.7398681640625,479.9645233154297,1,1,1,False,False,False
10942,2024-12-30 16:50:02+00:00,551.0098266601562,479.19886779785156,1,1,1,False,False,False
10943,2024-12-30 16:50:02+00:00,526.7274169921875,479.00250244140625,1,1,1,False,False,False
10944,2024-12-30 16:50:02+00:00,495.0417785644531,478.940673828125,1,1,1,False,False,False
10945,2024-12-30 16:50:02+00:00,459.73919677734375,479.84832763671875,1,1,1,False,False,False
10946,2024-12-30 16:50:02+00:00,420.9821472167969,479.92295837402344,1,1,1,False,False,False
10947,2024-12-30 16:50:02+00:00,388.0505676269531,480.15887451171875,1,1,1,False,False,False
10948,2024-12-30 16:50:03+00:00,362.7242431640625,479.85594177246094,1,1,1,False,False,False
10949,2024-12-30 16:50:03+00:00,340.4081115722656,478.4626770019531,1,1,1,True,False,False
10950,2024-12-30 16:50:03+00:00,324.6330871582031,478.0726013183594,1,1,1,True,False,False
10951,2024-12-30 16:50:03+00:00,313.21826171875,478.5721130371094,1,1,1,True,False,False
10952,2024-12-30 16:50:03+00:00,304.9289855957031,479.2732238769531,1,1,1,True,False,False
10953,2024-12-30 16:50:03+00:00,300.03387451171875,479.50482177734375,1,1,1,True,False,False
10954,2024-12-30 16:50:03+00:00,299.52020263671875,479.20945739746094,1,1,1,True,False,False
10955,2024-12-30 16:50:03+00:00,307.27587890625,478.44451904296875,1,1,1,True,False,False
10956,2024-12-30 16:50:03+00:00,312.0970764160156,477.9043273925781,1,1,1,True,False,False
10957,2024-12-30 16:50:04+00:00,328.142822265625,458.0669250488281,1,1,1,True,True,False
10958,2024-12-30 16:50:04+00:00,339.8307800292969,450.59912109375,1,1,1,True,True,False
10959,2024-12-30 16:50:04+00:00,356.9040222167969,443.6667938232422,1,1,1,True,True,False
10960,2024-12-30 16:50:04+00:00,386.7726135253906,442.8359832763672,1,1,1,True,True,False
10961,2024-12-30 16:50:04+00:00,408.42828369140625,442.6864471435547,1,1,1,True,True,False
10962,2024-12-30 16:50:04+00:00,425.24761962890625,449.77928161621094,1,1,1,True,True,False
10963,2024-12-30 16:50:04+00:00,433.069091796875,458.42262268066406,1,1,1,True,True,False
10964,2024-12-30 16:50:05+00:00,462.4130554199219,458.5368194580078,1,1,1,True,True,False
10965,2024-12-30 16:50:05+00:00,482.1102600097656,462.4932861328125,1,1,1,True,True,False
10966,2024-12-30 16:50:05+00:00,495.9822998046875,464.09230041503906,1,1,1,True,True,False
10967,2024-12-30 16:50:05+00:00,516.8411254882812,473.7283935546875,1,1,1,True,True,False
10968,2024-12-30 16:50:05+00:00,529.3718872070312,477.47023010253906,1,1,1,True,False,False
10969,2024-12-30 16:50:05+00:00,537.8128662109375,479.1209411621094,1,1,1,False,False,False
10970,2024-12-30 16:50:05+00:00,547.8819580078125,479.5887451171875,1,1,1,False,False,False
10971,2024-12-30 16:50:05+00:00,555.6370239257812,480.2396545410156,1,1,1,False,False,False
10972,2024-12-30 16:50:05+00:00,555.0218505859375,480.09751892089844,1,1,1,False,False,False
10973,2024-12-30 16:50:05+00:00,554.0985717773438,480.42823791503906,1,1,1,False,False,False
10974,2024-12-30 16:50:06+00:00,549.76611328125,479.90345764160156,1,1,1,False,False,False
10975,2024-12-30 16:50:06+00:00,539.6182861328125,479.4004364013672,1,1,1,False,False,False
10976,2024-12-30 16:50:06+00:00,524.7954711914062,479.6077117919922,1,1,1,False,False,False
10977,2024-12-30 16:50:06+00:00,499.262939453125,479.59193420410156,1,1,1,False,False,False
10978,2024-12-30 16:50:06+00:00,468.016357421875,479.8354034423828,1,1,1,False,False,False
10979,2024-12-30 16:50:06+00:00,424.9045715332031,479.74786376953125,1,1,1,False,False,False
10980,2024-12-30 16:50:06+00:00,384.6288757324219,479.6776580810547,1,1,1,False,False,False
10981,2024-12-30 16:50:07+00:00,355.2115173339844,479.4719696044922,1,1,1,True,False,False
10982,2024-12-30 16:50:07+00:00,336.8967590332031,477.33238220214844,1,1,1,True,False,False
10983,2024-12-30 16:50:07+00:00,323.2746887207031,479.1414489746094,1,1,1,True,False,False
10984,2024-12-30 16:50:07+00:00,312.4540100097656,479.65184020996094,1,1,1,True,False,False
10985,2024-12-30 16:50:07+00:00,305.9414978027344,479.55934143066406,1,1,1,True,False,False
10986,2024-12-30 16:50:07+00:00,301.4322814941406,479.3585510253906,1,1,1,True,False,False
10987,2024-12-30 16:50:07+00:00,298.7248229980469,479.06651306152344,1,1,1,True,False,False
10988,2024-12-30 16:50:07+00:00,306.79150390625,477.11436462402344,1,1,1,True,False,False
10989,2024-12-30 16:50:07+00:00,314.1226501464844,470.26380920410156,1,1,1,True,True,False
10990,2024-12-30 16:50:07+00:00,319.0274963378906,468.7685241699219,1,1,1,True,True,False
10991,2024-12-30 16:50:08+00:00,328.6488037109375,455.12791442871094,1,1,1,True,True,False
10992,2024-12-30 16:50:08+00:00,352.0711364746094,440.25453186035156,1,1,1,True,True,False
10993,2024-12-30 16:50:08+00:00,375.3365173339844,437.791748046875,1,1,1,True,True,False
10994,2024-12-30 16:50:08+00:00,387.90740966796875,437.91737365722656,1,1,1,True,True,False
10995,2024-12-30 16:50:08+00:00,401.5616455078125,438.47828674316406,1,1,1,True,True,False
10996,2024-12-30 16:50:08+00:00,432.09521484375,404.04429626464844,1,1,1,True,True,True
10997,2024-12-30 16:50:08+00:00,452.7294006347656,432.22900390625,1,1,1,True,True,False
10998,2024-12-30 16:50:08+00:00,466.9278869628906,449.1212921142578,1,1,1,True,True,False
10999,2024-12-30 16:50:08+00:00,480.0807800292969,468.7576904296875,1,1,1,True,True,False
11000,2024-12-30 16:50:09+00:00,500.19818115234375,475.90074157714844,1,1,1,True,True,False
11001,2024-12-30 16:50:09+00:00,511.142333984375,478.85906982421875,1,1,1,False,False,False
11002,2024-12-30 16:50:09+00:00,521.5227661132812,479.9353332519531,1,1,1,False,False,False
11003,2024-12-30 16:50:09+00:00,531.4569702148438,479.9169006347656,1,1,1,False,False,False
11004,2024-12-30 16:50:09+00:00,539.4990234375,480.6814727783203,1,1,1,False,False,False
11005,2024-12-30 16:50:09+00:00,544.4828491210938,480.59210205078125,1,1,1,False,False,False
11006,2024-12-30 16:50:09+00:00,545.08203125,480.6111755371094,1,1,1,False,False,False
11007,2024-12-30 16:50:09+00:00,542.1229858398438,479.96583557128906,1,1,1,False,False,False
11008,2024-12-30 16:50:09+00:00,533.5521850585938,480.25205993652344,1,1,1,False,False,False
11009,2024-12-30 16:50:10+00:00,521.2330932617188,479.877197265625,1,1,1,False,False,False
11010,2024-12-30 16:50:10+00:00,503.5988464355469,479.9899444580078,1,1,1,False,False,False
11011,2024-12-30 16:50:10+00:00,481.0894775390625,480.01988220214844,1,1,1,False,False,False
11012,2024-12-30 16:50:10+00:00,455.9209289550781,480.3419647216797,1,1,1,False,False,False
11013,2024-12-30 16:50:10+00:00,421.2458801269531,480.1908721923828,1,1,1,False,False,False
11014,2024-12-30 16:50:10+00:00,393.06463623046875,480.3138885498047,1,1,1,False,False,False
11015,2024-12-30 16:50:10+00:00,367.2259216308594,479.8662567138672,1,1,1,False,False,False
11016,2024-12-30 16:50:10+00:00,346.39630126953125,480.051513671875,1,1,1,False,False,False
11017,2024-12-30 16:50:10+00:00,329.68048095703125,479.66888427734375,1,1,1,True,False,False
11018,2024-12-30 16:50:11+00:00,319.1736145019531,479.83251953125,1,1,1,True,False,False
11019,2024-12-30 16:50:11+00:00,313.48590087890625,479.87408447265625,1,1,1,True,False,False
11020,2024-12-30 16:50:11+00:00,307.0113525390625,479.93629455566406,1,1,1,True,False,False
11021,2024-12-30 16:50:11+00:00,304.9396057128906,479.58351135253906,1,1,1,True,False,False
11022,2024-12-30 16:50:11+00:00,313.18359375,479.46636962890625,1,1,1,True,False,False
11023,2024-12-30 16:50:11+00:00,321.9702453613281,479.78697204589844,1,1,1,True,False,False
11024,2024-12-30 16:50:11+00:00,326.4203796386719,480.01092529296875,1,1,1,True,False,False
11025,2024-12-30 16:50:11+00:00,343.4984436035156,458.8824005126953,1,1,1,True,True,False
11026,2024-12-30 16:50:11+00:00,363.404296875,451.2262268066406,1,1,1,True,True,False
11027,2024-12-30 16:50:12+00:00,377.3638000488281,447.7550354003906,1,1,1,True,True,False
11028,2024-12-30 16:50:12+00:00,391.7192077636719,445.0932922363281,1,1,1,True,True,False
11029,2024-12-30 16:50:12+00:00,425.6802978515625,395.39703369140625,1,1,1,True,False,True
11030,2024-12-30 16:50:12+00:00,452.1465759277344,386.62401580810547,1,1,1,True,False,True
11031,2024-12-30 16:50:12+00:00,464.5059814453125,424.3653106689453,1,1,1,True,True,False
11032,2024-12-30 16:50:12+00:00,478.1231689453125,458.1737518310547,1,1,1,True,True,False
11033,2024-12-30 16:50:12+00:00,491.85595703125,472.66375732421875,1,1,1,True,True,False
11034,2024-12-30 16:50:12+00:00,527.47412109375,475.58094787597656,1,1,1,True,True,False
11035,2024-12-30 16:50:12+00:00,552.1314697265625,478.9564971923828,1,1,1,False,False,False
11036,2024-12-30 16:50:13+00:00,565.0098876953125,481.0079040527344,1,1,1,False,False,False
11037,2024-12-30 16:50:13+00:00,584.8995361328125,481.6536102294922,1,1,1,False,False,False
11038,2024-12-30 16:50:13+00:00,592.69091796875,478.9947052001953,1,1,1,True,False,False
11039,2024-12-30 16:50:13+00:00,603.8585205078125,478.5409240722656,1,1,1,True,False,False
11040,2024-12-30 16:50:13+00:00,608.9923095703125,479.82310485839844,1,1,1,False,False,False
11041,2024-12-30 16:50:13+00:00,613.3358154296875,480.14691162109375,1,1,1,False,False,False
11042,2024-12-30 16:50:13+00:00,620.15185546875,477.0503692626953,1,1,1,True,True,False
11043,2024-12-30 16:50:13+00:00,621.453369140625,468.22267150878906,1,1,1,True,True,False
11044,2024-12-30 16:50:13+00:00,616.487060546875,455.01109313964844,1,1,1,True,True,False
11045,2024-12-30 16:50:14+00:00,613.3463134765625,457.2932586669922,1,1,1,True,True,False
11046,2024-12-30 16:50:14+00:00,609.4501953125,444.2808074951172,1,1,1,True,True,False
11047,2024-12-30 16:50:14+00:00,602.1209106445312,448.35935974121094,1,1,1,True,True,False
11048,2024-12-30 16:50:14+00:00,588.4329833984375,448.0870361328125,1,1,1,True,True,False
11049,2024-12-30 16:50:14+00:00,582.2715454101562,457.9956359863281,1,1,1,True,True,False
11050,2024-12-30 16:50:14+00:00,577.2327270507812,461.07359313964844,1,1,1,True,True,False
11051,2024-12-30 16:50:14+00:00,568.6278076171875,463.3053894042969,1,1,1,True,True,False
11052,2024-12-30 16:50:14+00:00,564.9306030273438,468.6304626464844,1,1,1,True,True,False
11053,2024-12-30 16:50:14+00:00,565.1216430664062,474.8184509277344,1,1,1,True,True,False
11054,2024-12-30 16:50:15+00:00,568.123046875,476.9394836425781,1,1,1,True,True,False
11055,2024-12-30 16:50:15+00:00,563.944091796875,479.3636932373047,1,1,1,False,False,False
11056,2024-12-30 16:50:15+00:00,560.2699584960938,479.9017028808594,1,1,1,False,False,False
11057,2024-12-30 16:50:15+00:00,548.70703125,480.45045471191406,1,1,1,False,False,False
11058,2024-12-30 16:50:15+00:00,539.690185546875,479.7965850830078,1,1,1,False,False,False
11059,2024-12-30 16:50:15+00:00,527.2156982421875,480.30810546875,1,1,1,False,False,False
11060,2024-12-30 16:50:15+00:00,509.2301025390625,480.32078552246094,1,1,1,False,False,False
11061,2024-12-30 16:50:15+00:00,492.3462829589844,480.1051940917969,1,1,1,False,False,False
11062,2024-12-30 16:50:15+00:00,461.94482421875,480.0174560546875,1,1,1,False,False,False
11063,2024-12-30 16:50:16+00:00,432.96209716796875,480.24427795410156,1,1,1,False,False,False
11064,2024-12-30 16:50:16+00:00,399.90863037109375,479.8893737792969,1,1,1,False,False,False
11065,2024-12-30 16:50:16+00:00,372.9660949707031,479.7740478515625,1,1,1,False,False,False
11066,2024-12-30 16:50:16+00:00,346.76007080078125,479.70204162597656,1,1,1,True,False,False
11067,2024-12-30 16:50:16+00:00,321.3952941894531,479.76934814453125,1,1,1,True,False,False
11068,2024-12-30 16:50:16+00:00,305.38934326171875,479.8811798095703,1,1,1,True,False,False
11069,2024-12-30 16:50:16+00:00,294.1109313964844,479.9534454345703,1,1,1,True,False,False
11070,2024-12-30 16:50:16+00:00,285.9570617675781,479.7518005371094,1,1,1,True,False,False
11071,2024-12-30 16:50:16+00:00,278.3067932128906,479.60797119140625,1,1,1,True,False,False
11072,2024-12-30 16:50:17+00:00,280.3768005371094,479.6849365234375,1,1,1,True,False,False
11073,2024-12-30 16:50:17+00:00,293.8248291015625,479.6508026123047,1,1,1,True,False,False
11074,2024-12-30 16:50:17+00:00,301.83709716796875,478.72357177734375,1,1,1,True,False,False
11075,2024-12-30 16:50:17+00:00,302.5171813964844,476.79315185546875,1,1,1,True,False,False
11076,2024-12-30 16:50:17+00:00,319.7230224609375,465.1663055419922,1,1,1,True,True,False
11077,2024-12-30 16:50:17+00:00,337.76788330078125,458.8336181640625,1,1,1,True,True,False
11078,2024-12-30 16:50:17+00:00,351.3122863769531,459.3882141113281,1,1,1,True,True,False
11079,2024-12-30 16:50:17+00:00,364.1728820800781,465.18479919433594,1,1,1,True,True,False
11080,2024-12-30 16:50:17+00:00,385.818359375,467.5484924316406,1,1,1,True,True,False
11081,2024-12-30 16:50:18+00:00,432.94744873046875,475.3773498535156,1,1,1,True,True,False
11082,2024-12-30 16:50:18+00:00,456.1455993652344,478.1629333496094,1,1,1,True,False,False
11083,2024-12-30 16:50:18+00:00,486.8821716308594,479.6309814453125,1,1,1,False,False,False
11084,2024-12-30 16:50:18+00:00,514.5567626953125,479.10643005371094,1,1,1,False,False,False
11085,2024-12-30 16:50:18+00:00,530.4285278320312,479.55357360839844,1,1,1,False,False,False
11086,2024-12-30 16:50:18+00:00,545.5046997070312,470.6470184326172,1,1,1,True,True,False
11087,2024-12-30 16:50:18+00:00,558.79541015625,472.0377960205078,1,1,1,True,True,False
11088,2024-12-30 16:50:18+00:00,568.9172973632812,476.5327911376953,1,1,1,True,True,False
11089,2024-12-30 16:50:19+00:00,572.5663452148438,477.6177215576172,1,1,1,True,False,False
11090,2024-12-30 16:50:19+00:00,573.48828125,478.2023468017578,1,1,1,True,False,False
11091,2024-12-30 16:50:19+00:00,569.4222412109375,477.63014221191406,1,1,1,True,False,False
11092,2024-12-30 16:50:19+00:00,556.0026245117188,478.2183837890625,1,1,1,True,False,False
11093,2024-12-30 16:50:19+00:00,541.9025268554688,463.41917419433594,1,1,1,True,True,False
11094,2024-12-30 16:50:19+00:00,520.5715942382812,471.44410705566406,1,1,1,True,True,False
11095,2024-12-30 16:50:19+00:00,506.1632995605469,454.46275329589844,1,1,1,True,True,False
11096,2024-12-30 16:50:19+00:00,497.99359130859375,441.54905700683594,1,1,1,True,True,False
11097,2024-12-30 16:50:19+00:00,483.248046875,436.6346130371094,1,1,1,True,True,False
11098,2024-12-30 16:50:20+00:00,473.62408447265625,456.03102111816406,1,1,1,True,True,False
11099,2024-12-30 16:50:20+00:00,467.5717468261719,466.0866394042969,1,1,1,True,True,False
11100,2024-12-30 16:50:20+00:00,463.4915771484375,472.1607666015625,1,1,1,True,True,False
11101,2024-12-30 16:50:20+00:00,460.0584716796875,476.5291290283203,1,1,1,True,True,False
11102,2024-12-30 16:50:20+00:00,454.8542785644531,478.04832458496094,1,1,1,True,False,False
11103,2024-12-30 16:50:20+00:00,452.6720886230469,479.5174255371094,1,1,1,False,False,False
11104,2024-12-30 16:50:20+00:00,453.6353454589844,479.99322509765625,1,1,1,False,False,False
11105,2024-12-30 16:50:20+00:00,453.6158142089844,480.00856018066406,1,1,1,False,False,False
11106,2024-12-30 16:50:20+00:00,451.3760070800781,480.3483581542969,1,1,1,False,False,False
11107,2024-12-30 16:50:21+00:00,446.3081970214844,480.3014831542969,1,1,1,False,False,False
11108,2024-12-30 16:50:21+00:00,437.6399230957031,480.14015197753906,1,1,1,False,False,False
11109,2024-12-30 16:50:21+00:00,423.674072265625,480.0166778564453,1,1,1,False,False,False
11110,2024-12-30 16:50:21+00:00,398.26641845703125,480.1744689941406,1,1,1,False,False,False
11111,2024-12-30 16:50:21+00:00,372.593017578125,480.18531799316406,1,1,1,False,False,False
11112,2024-12-30 16:50:21+00:00,352.37615966796875,479.7180938720703,1,1,1,True,False,False
11113,2024-12-30 16:50:21+00:00,325.0760498046875,479.3838806152344,1,1,1,True,False,False
11114,2024-12-30 16:50:21+00:00,307.5445556640625,479.7266540527344,1,1,1,True,False,False
11115,2024-12-30 16:50:21+00:00,290.193603515625,479.7466583251953,1,1,1,True,False,False
11116,2024-12-30 16:50:22+00:00,278.61248779296875,479.6744384765625,1,1,1,True,False,False
11117,2024-12-30 16:50:22+00:00,272.276611328125,479.7685852050781,1,1,1,True,False,False
11118,2024-12-30 16:50:22+00:00,268.6214904785156,479.27325439453125,1,1,1,True,False,False
11119,2024-12-30 16:50:22+00:00,267.33209228515625,479.4508514404297,1,1,1,True,False,False
11120,2024-12-30 16:50:22+00:00,269.9448547363281,479.4073181152344,1,1,1,True,False,False
11121,2024-12-30 16:50:22+00:00,279.3450012207031,478.3730163574219,1,1,1,True,False,False
11122,2024-12-30 16:50:22+00:00,290.8720703125,478.17030334472656,1,1,1,True,False,False
11123,2024-12-30 16:50:22+00:00,301.77374267578125,479.3737487792969,1,1,1,True,False,False
11124,2024-12-30 16:50:22+00:00,308.8336486816406,471.2902069091797,1,1,1,True,True,False
11125,2024-12-30 16:50:23+00:00,332.66162109375,452.39390563964844,1,1,1,True,True,False
11126,2024-12-30 16:50:23+00:00,349.4085998535156,444.0070343017578,1,1,1,True,True,False
11127,2024-12-30 16:50:23+00:00,365.1542053222656,453.3799591064453,1,1,1,True,True,False
11128,2024-12-30 16:50:23+00:00,378.49493408203125,469.362060546875,1,1,1,True,True,False
11129,2024-12-30 16:50:23+00:00,398.1269226074219,476.12457275390625,1,1,1,True,True,False
11130,2024-12-30 16:50:23+00:00,430.9957580566406,479.0286865234375,1,1,1,True,False,False
11131,2024-12-30 16:50:23+00:00,453.24407958984375,480.09429931640625,1,1,1,False,False,False
11132,2024-12-30 16:50:23+00:00,466.8861389160156,480.4501953125,1,1,1,False,False,False
11133,2024-12-30 16:50:23+00:00,486.19903564453125,480.53680419921875,1,1,1,False,False,False
11134,2024-12-30 16:50:24+00:00,513.5606689453125,460.0076446533203,1,1,1,True,True,False
11135,2024-12-30 16:50:24+00:00,527.9025268554688,472.9262390136719,1,1,1,True,True,False
11136,2024-12-30 16:50:24+00:00,544.5902709960938,464.78379821777344,1,1,1,True,True,False
11137,2024-12-30 16:50:24+00:00,560.119384765625,474.0751647949219,1,1,1,True,True,False
11138,2024-12-30 16:50:24+00:00,570.098876953125,477.83982849121094,1,1,1,True,False,False
11139,2024-12-30 16:50:24+00:00,574.8618774414062,479.40150451660156,1,1,1,False,False,False
11140,2024-12-30 16:50:24+00:00,576.5812377929688,480.06219482421875,1,1,1,False,False,False
11141,2024-12-30 16:50:24+00:00,573.9353637695312,479.48487854003906,1,1,1,False,False,False
11142,2024-12-30 16:50:24+00:00,569.9511108398438,479.238037109375,1,1,1,False,False,False
11143,2024-12-30 16:50:24+00:00,559.9168090820312,479.0081024169922,1,1,1,False,False,False
11144,2024-12-30 16:50:25+00:00,547.841796875,476.4852294921875,1,1,1,True,True,False
11145,2024-12-30 16:50:25+00:00,540.7816162109375,477.6867218017578,1,1,1,True,False,False
11146,2024-12-30 16:50:25+00:00,540.1543579101562,472.0609436035156,1,1,1,True,True,False
11147,2024-12-30 16:50:25+00:00,541.4620971679688,469.94468688964844,1,1,1,True,True,False
11148,2024-12-30 16:50:25+00:00,540.955078125,467.24652099609375,1,1,1,True,True,False
11149,2024-12-30 16:50:25+00:00,513.4003295898438,457.6231231689453,1,1,1,True,True,False
11150,2024-12-30 16:50:25+00:00,475.0300598144531,454.5718536376953,1,1,1,True,True,False
11151,2024-12-30 16:50:25+00:00,456.2666015625,469.72056579589844,1,1,1,True,True,False
11152,2024-12-30 16:50:25+00:00,443.6012268066406,474.50486755371094,1,1,1,True,True,False
11153,2024-12-30 16:50:26+00:00,435.7962341308594,477.0240936279297,1,1,1,True,False,False
11154,2024-12-30 16:50:26+00:00,431.7425231933594,478.3409423828125,1,1,1,True,False,False
11155,2024-12-30 16:50:26+00:00,429.603759765625,479.4945983886719,1,1,1,False,False,False
11156,2024-12-30 16:50:26+00:00,424.6560974121094,479.6632537841797,1,1,1,False,False,False
11157,2024-12-30 16:50:26+00:00,416.6767578125,479.9871063232422,1,1,1,False,False,False
11158,2024-12-30 16:50:26+00:00,402.23779296875,478.9964599609375,1,1,1,True,False,False
11159,2024-12-30 16:50:26+00:00,385.7052307128906,478.68907165527344,1,1,1,True,False,False
11160,2024-12-30 16:50:26+00:00,362.0031433105469,479.71177673339844,1,1,1,True,False,False
11161,2024-12-30 16:50:26+00:00,341.0977478027344,479.960693359375,1,1,1,True,False,False
11162,2024-12-30 16:50:27+00:00,321.8648681640625,479.5213623046875,1,1,1,True,False,False
11163,2024-12-30 16:50:27+00:00,297.2012939453125,479.6517791748047,1,1,1,True,False,False
11164,2024-12-30 16:50:27+00:00,280.87921142578125,479.4027099609375,1,1,1,True,False,False
11165,2024-12-30 16:50:27+00:00,266.9134521484375,475.31427001953125,1,1,1,True,True,False
11166,2024-12-30 16:50:27+00:00,257.4527587890625,477.67665100097656,1,1,1,True,False,False
11167,2024-12-30 16:50:27+00:00,251.50218200683594,479.19142150878906,1,1,1,True,False,False
11168,2024-12-30 16:50:27+00:00,249.9346923828125,479.3222351074219,1,1,1,True,False,False
11169,2024-12-30 16:50:27+00:00,252.0315399169922,479.35284423828125,1,1,1,True,False,False
11170,2024-12-30 16:50:27+00:00,259.9404296875,479.0937194824219,1,1,1,True,False,False
11171,2024-12-30 16:50:28+00:00,269.2627258300781,478.39109802246094,1,1,1,True,False,False
11172,2024-12-30 16:50:28+00:00,283.4129638671875,464.4805603027344,1,1,1,True,True,False
11173,2024-12-30 16:50:28+00:00,291.5311279296875,460.23597717285156,1,1,1,True,True,False
11174,2024-12-30 16:50:28+00:00,302.243408203125,445.5509948730469,1,1,1,True,True,False
11175,2024-12-30 16:50:28+00:00,320.77825927734375,433.7391662597656,1,1,1,True,True,False
11176,2024-12-30 16:50:28+00:00,338.3883361816406,430.2149658203125,1,1,1,True,True,False
11177,2024-12-30 16:50:28+00:00,354.9137268066406,447.15919494628906,1,1,1,True,True,False
11178,2024-12-30 16:50:28+00:00,368.94805908203125,460.2307586669922,1,1,1,True,True,False
11179,2024-12-30 16:50:28+00:00,385.9605712890625,465.5581359863281,1,1,1,True,True,False
11180,2024-12-30 16:50:29+00:00,408.7193603515625,473.2673645019531,1,1,1,True,True,False
11181,2024-12-30 16:50:29+00:00,437.58673095703125,477.1452331542969,1,1,1,True,False,False
11182,2024-12-30 16:50:29+00:00,464.4640197753906,479.38658142089844,1,1,1,False,False,False
11183,2024-12-30 16:50:29+00:00,487.8618469238281,480.08558654785156,1,1,1,False,False,False
11184,2024-12-30 16:50:29+00:00,503.1950988769531,480.54473876953125,1,1,1,False,False,False
11185,2024-12-30 16:50:29+00:00,521.6141967773438,468.4057922363281,1,1,1,True,True,False
11186,2024-12-30 16:50:29+00:00,536.1078491210938,469.3946075439453,1,1,1,True,True,False
11187,2024-12-30 16:50:29+00:00,548.689208984375,475.8950500488281,1,1,1,True,True,False
11188,2024-12-30 16:50:30+00:00,558.9945678710938,478.3457946777344,1,1,1,True,False,False
11189,2024-12-30 16:50:30+00:00,566.6737060546875,479.2591857910156,1,1,1,False,False,False
11190,2024-12-30 16:50:30+00:00,567.84033203125,479.48577880859375,1,1,1,False,False,False
11191,2024-12-30 16:50:30+00:00,562.2667236328125,479.66412353515625,1,1,1,False,False,False
11192,2024-12-30 16:50:30+00:00,550.6704711914062,479.71826171875,1,1,1,False,False,False
11193,2024-12-30 16:50:30+00:00,539.2446899414062,477.06297302246094,1,1,1,True,True,False
11194,2024-12-30 16:50:30+00:00,531.3574829101562,478.83851623535156,1,1,1,False,False,False
11195,2024-12-30 16:50:30+00:00,523.6889038085938,463.94972229003906,1,1,1,True,True,False
11196,2024-12-30 16:50:30+00:00,504.4854736328125,460.3682098388672,1,1,1,True,True,False
11197,2024-12-30 16:50:31+00:00,481.3687438964844,457.1346740722656,1,1,1,True,True,False
11198,2024-12-30 16:50:31+00:00,467.9213562011719,460.4515075683594,1,1,1,True,True,False
11199,2024-12-30 16:50:31+00:00,462.03997802734375,462.6811828613281,1,1,1,True,True,False
11200,2024-12-30 16:50:31+00:00,456.7644958496094,463.1601104736328,1,1,1,True,True,False
11201,2024-12-30 16:50:31+00:00,450.75390625,471.15374755859375,1,1,1,True,True,False
11202,2024-12-30 16:50:31+00:00,447.0129089355469,474.98675537109375,1,1,1,True,True,False
11203,2024-12-30 16:50:31+00:00,439.8526306152344,478.22900390625,1,1,1,True,False,False
11204,2024-12-30 16:50:31+00:00,435.1826171875,479.6957092285156,1,1,1,False,False,False
11205,2024-12-30 16:50:31+00:00,430.3212890625,479.69219970703125,1,1,1,False,False,False
11206,2024-12-30 16:50:32+00:00,424.2173156738281,480.0343475341797,1,1,1,False,False,False
11207,2024-12-30 16:50:32+00:00,412.9555969238281,479.9150085449219,1,1,1,False,False,False
11208,2024-12-30 16:50:32+00:00,398.0799560546875,478.05751037597656,1,1,1,True,False,False
11209,2024-12-30 16:50:32+00:00,381.4059143066406,479.3125305175781,1,1,1,True,False,False
11210,2024-12-30 16:50:32+00:00,362.34210205078125,479.9712371826172,1,1,1,False,False,False
11211,2024-12-30 16:50:32+00:00,348.064208984375,480.1982879638672,1,1,1,False,False,False
11212,2024-12-30 16:50:32+00:00,333.7356872558594,479.9122314453125,1,1,1,True,False,False
11213,2024-12-30 16:50:32+00:00,326.6891174316406,479.3347625732422,1,1,1,True,False,False
11214,2024-12-30 16:50:32+00:00,324.136474609375,476.96844482421875,1,1,1,True,False,False
11215,2024-12-30 16:50:32+00:00,322.00982666015625,475.7779235839844,1,1,1,True,True,False
11216,2024-12-30 16:50:33+00:00,320.0750732421875,473.1167907714844,1,1,1,True,True,False
11217,2024-12-30 16:50:33+00:00,312.9565734863281,477.42820739746094,1,1,1,True,False,False
11218,2024-12-30 16:50:33+00:00,319.27850341796875,478.5304260253906,1,1,1,True,False,False
11219,2024-12-30 16:50:33+00:00,324.5106506347656,479.29730224609375,1,1,1,True,False,False
11220,2024-12-30 16:50:33+00:00,321.9780578613281,479.03785705566406,1,1,1,True,False,False
11221,2024-12-30 16:50:33+00:00,318.03826904296875,479.31182861328125,1,1,1,True,False,False
11222,2024-12-30 16:50:33+00:00,318.9187927246094,479.47621154785156,1,1,1,True,False,False
11223,2024-12-30 16:50:33+00:00,327.09478759765625,479.4798889160156,1,1,1,True,False,False
11224,2024-12-30 16:50:33+00:00,340.4585266113281,479.3579864501953,1,1,1,True,False,False
11225,2024-12-30 16:50:34+00:00,353.0436096191406,463.52781677246094,1,1,1,True,True,False
11226,2024-12-30 16:50:34+00:00,358.91094970703125,469.31646728515625,1,1,1,True,True,False
11227,2024-12-30 16:50:34+00:00,364.4429016113281,470.50303649902344,1,1,1,True,True,False
11228,2024-12-30 16:50:34+00:00,377.2473449707031,471.28814697265625,1,1,1,True,True,False
11229,2024-12-30 16:50:34+00:00,384.5205993652344,465.2821502685547,1,1,1,True,True,False
11230,2024-12-30 16:50:34+00:00,394.2337951660156,473.45130920410156,1,1,1,True,True,False
11231,2024-12-30 16:50:34+00:00,398.60089111328125,476.594482421875,1,1,1,True,False,False
11232,2024-12-30 16:50:34+00:00,402.2065734863281,478.43096923828125,1,1,1,True,False,False
11233,2024-12-30 16:50:34+00:00,405.4859924316406,479.18280029296875,1,1,1,True,False,False
11234,2024-12-30 16:50:35+00:00,409.0934143066406,479.8921356201172,1,1,1,False,False,False
11235,2024-12-30 16:50:35+00:00,408.7806091308594,479.7681579589844,1,1,1,False,False,False
11236,2024-12-30 16:50:35+00:00,403.0346984863281,479.58909606933594,1,1,1,False,False,False
11237,2024-12-30 16:50:35+00:00,394.88739013671875,479.5224304199219,1,1,1,False,False,False
11238,2024-12-30 16:50:35+00:00,386.6029968261719,479.38453674316406,1,1,1,True,False,False
11239,2024-12-30 16:50:35+00:00,374.7452697753906,476.2444610595703,1,1,1,True,True,False
11240,2024-12-30 16:50:35+00:00,365.4590148925781,470.2832946777344,1,1,1,True,True,False
11241,2024-12-30 16:50:35+00:00,350.1652526855469,470.00535583496094,1,1,1,True,True,False
11242,2024-12-30 16:50:35+00:00,344.2883605957031,467.7154846191406,1,1,1,True,True,False
11243,2024-12-30 16:50:36+00:00,340.3951416015625,466.7566680908203,1,1,1,True,True,False
11244,2024-12-30 16:50:36+00:00,335.41595458984375,466.2385711669922,1,1,1,True,True,False
11245,2024-12-30 16:50:36+00:00,327.9519958496094,465.71595764160156,1,1,1,True,True,False
11246,2024-12-30 16:50:36+00:00,319.0229797363281,465.75001525878906,1,1,1,True,True,False
11247,2024-12-30 16:50:36+00:00,313.07794189453125,462.9397888183594,1,1,1,True,True,False
11248,2024-12-30 16:50:36+00:00,309.87384033203125,445.7408447265625,1,1,1,True,True,False
11249,2024-12-30 16:50:36+00:00,306.98895263671875,424.65296936035156,1,1,1,True,True,False
11250,2024-12-30 16:50:36+00:00,305.1017761230469,416.97731018066406,1,1,1,True,True,False
11251,2024-12-30 16:50:36+00:00,305.1451721191406,413.3871154785156,1,1,1,True,True,False
11252,2024-12-30 16:50:37+00:00,305.64727783203125,410.8424835205078,1,1,1,True,True,False
11253,2024-12-30 16:50:37+00:00,306.7176208496094,400.1165313720703,1,1,1,True,True,False
11254,2024-12-30 16:50:37+00:00,310.3979187011719,383.3049774169922,1,1,1,True,True,False
11255,2024-12-30 16:50:37+00:00,314.6456298828125,371.7027130126953,1,1,1,True,True,False
11256,2024-12-30 16:50:37+00:00,318.4150695800781,365.84967041015625,1,1,1,True,True,False
11257,2024-12-30 16:50:37+00:00,321.2947998046875,357.8348159790039,1,1,1,True,True,False
11258,2024-12-30 16:50:37+00:00,329.8167724609375,355.17044830322266,1,1,1,True,True,False
11259,2024-12-30 16:50:37+00:00,337.1857604980469,354.85314178466797,1,1,1,True,True,False
11260,2024-12-30 16:50:37+00:00,342.69287109375,354.0002899169922,1,1,1,True,True,False
11261,2024-12-30 16:50:38+00:00,343.0610656738281,354.29708099365234,1,1,1,True,True,False
11262,2024-12-30 16:50:38+00:00,344.886962890625,355.1149215698242,1,1,1,True,True,False
11263,2024-12-30 16:50:38+00:00,344.51190185546875,359.5939636230469,1,1,1,True,True,False
11264,2024-12-30 16:50:38+00:00,344.1345520019531,364.01549530029297,1,1,1,True,True,False
11265,2024-12-30 16:50:38+00:00,340.63616943359375,369.7508316040039,1,1,1,True,True,False
11266,2024-12-30 16:50:38+00:00,336.79071044921875,372.84364318847656,1,1,1,True,True,False
11267,2024-12-30 16:50:38+00:00,331.20928955078125,371.5112075805664,1,1,1,True,True,False
11268,2024-12-30 16:50:38+00:00,326.2396545410156,371.28529357910156,1,1,1,True,True,False
11269,2024-12-30 16:50:38+00:00,321.7123718261719,372.4370880126953,1,1,1,True,True,False
11270,2024-12-30 16:50:39+00:00,318.2519226074219,392.9081573486328,1,1,1,True,True,False
11271,2024-12-30 16:50:39+00:00,315.9844665527344,407.76783752441406,1,1,1,True,True,False
11272,2024-12-30 16:50:39+00:00,317.0071105957031,415.55345153808594,1,1,1,True,True,False
11273,2024-12-30 16:50:39+00:00,317.9260559082031,438.35630798339844,1,1,1,True,True,False
11274,2024-12-30 16:50:39+00:00,318.4432678222656,466.28216552734375,1,1,1,True,True,False
11275,2024-12-30 16:50:39+00:00,317.4919738769531,476.79905700683594,1,1,1,True,False,False
11276,2024-12-30 16:50:39+00:00,331.67498779296875,480.5847473144531,1,1,1,False,False,False
11277,2024-12-30 16:50:39+00:00,362.1221008300781,482.3710174560547,1,1,1,False,False,False
11278,2024-12-30 16:50:39+00:00,394.4720764160156,466.59291076660156,1,1,1,True,True,False
11279,2024-12-30 16:50:40+00:00,425.8542175292969,463.5802459716797,1,1,1,True,True,False
11280,2024-12-30 16:50:40+00:00,452.4471740722656,470.6407775878906,1,1,1,True,True,False
11281,2024-12-30 16:50:40+00:00,490.230712890625,478.26560974121094,1,1,1,True,False,False
11282,2024-12-30 16:50:40+00:00,508.4369812011719,480.5203857421875,1,1,1,False,False,False
11283,2024-12-30 16:50:40+00:00,519.9723510742188,481.17002868652344,1,1,1,False,False,False
11284,2024-12-30 16:50:40+00:00,525.2363891601562,480.7152557373047,1,1,1,False,False,False
11285,2024-12-30 16:50:40+00:00,524.1653442382812,480.95469665527344,1,1,1,False,False,False
11286,2024-12-30 16:50:40+00:00,508.9256896972656,481.42535400390625,1,1,1,False,False,False
11287,2024-12-30 16:50:41+00:00,493.5276184082031,473.052490234375,1,1,1,True,True,False
11288,2024-12-30 16:50:41+00:00,466.6622009277344,452.20933532714844,1,1,1,True,True,False
11289,2024-12-30 16:50:41+00:00,444.1876220703125,443.7016906738281,1,1,1,True,True,False
11290,2024-12-30 16:50:41+00:00,428.1407775878906,440.42706298828125,1,1,1,True,True,False
11291,2024-12-30 16:50:41+00:00,398.0544738769531,427.9602813720703,1,1,1,True,True,False
11292,2024-12-30 16:50:41+00:00,375.86773681640625,422.8968963623047,1,1,1,True,True,False
11293,2024-12-30 16:50:41+00:00,357.62945556640625,421.02777099609375,1,1,1,True,True,False
11294,2024-12-30 16:50:41+00:00,343.315185546875,420.93186950683594,1,1,1,True,True,False
11295,2024-12-30 16:50:41+00:00,321.9085388183594,422.23411560058594,1,1,1,True,True,False
11296,2024-12-30 16:50:42+00:00,304.6272277832031,433.3153839111328,1,1,1,True,True,False
11297,2024-12-30 16:50:42+00:00,293.81787109375,437.0784149169922,1,1,1,True,True,False
11298,2024-12-30 16:50:42+00:00,282.75640869140625,465.1358642578125,1,1,1,True,True,False
11299,2024-12-30 16:50:42+00:00,275.2449035644531,475.31126403808594,1,1,1,True,True,False
11300,2024-12-30 16:50:42+00:00,270.0524597167969,479.33197021484375,1,1,1,True,False,False
11301,2024-12-30 16:50:42+00:00,273.9053955078125,480.3786315917969,1,1,1,True,False,False
11302,2024-12-30 16:50:42+00:00,277.7528076171875,480.2089538574219,1,1,1,True,False,False
11303,2024-12-30 16:50:42+00:00,303.7381286621094,468.82691955566406,1,1,1,True,True,False
11304,2024-12-30 16:50:42+00:00,331.7353515625,475.78172302246094,1,1,1,True,True,False
11305,2024-12-30 16:50:43+00:00,349.3778991699219,476.3741455078125,1,1,1,True,False,False
11306,2024-12-30 16:50:43+00:00,390.395263671875,478.99932861328125,1,1,1,True,False,False
11307,2024-12-30 16:50:43+00:00,414.71533203125,480.35975646972656,1,1,1,False,False,False
11308,2024-12-30 16:50:43+00:00,441.59722900390625,479.89794921875,1,1,1,False,False,False
11309,2024-12-30 16:50:43+00:00,456.3713684082031,480.4923553466797,1,1,1,False,False,False
11310,2024-12-30 16:50:43+00:00,460.5637512207031,480.53761291503906,1,1,1,False,False,False
11311,2024-12-30 16:50:43+00:00,462.6114196777344,480.4057159423828,1,1,1,False,False,False
11312,2024-12-30 16:50:43+00:00,460.326416015625,479.8236846923828,1,1,1,False,False,False
11313,2024-12-30 16:50:43+00:00,458.910400390625,479.4264831542969,1,1,1,False,False,False
11314,2024-12-30 16:50:44+00:00,448.1352844238281,479.6658020019531,1,1,1,False,False,False
11315,2024-12-30 16:50:44+00:00,430.5819091796875,478.9238739013672,1,1,1,True,False,False
11316,2024-12-30 16:50:44+00:00,428.30340576171875,475.18080139160156,1,1,1,True,True,False
11317,2024-12-30 16:50:44+00:00,413.79083251953125,467.83587646484375,1,1,1,True,True,False
11318,2024-12-30 16:50:44+00:00,393.715087890625,442.87660217285156,1,1,1,True,True,False
11319,2024-12-30 16:50:44+00:00,385.3906555175781,434.3849182128906,1,1,1,True,True,False
11320,2024-12-30 16:50:44+00:00,367.8132019042969,427.7634735107422,1,1,1,True,True,False
11321,2024-12-30 16:50:44+00:00,358.1472473144531,405.2908020019531,1,1,1,True,True,False
11322,2024-12-30 16:50:44+00:00,357.0419616699219,397.8808135986328,1,1,1,True,True,False
11323,2024-12-30 16:50:45+00:00,354.74578857421875,384.98876190185547,1,1,1,True,True,False
11324,2024-12-30 16:50:45+00:00,357.0537109375,367.28992462158203,1,1,1,True,True,False
11325,2024-12-30 16:50:45+00:00,355.6893615722656,360.6229934692383,1,1,1,True,True,False
11326,2024-12-30 16:50:45+00:00,367.2342529296875,352.0008316040039,1,1,1,True,False,True
11327,2024-12-30 16:50:45+00:00,372.4019470214844,348.09806060791016,1,1,1,True,False,True
11328,2024-12-30 16:50:45+00:00,376.3023986816406,340.83805084228516,1,1,1,True,False,True
11329,2024-12-30 16:50:45+00:00,385.9888000488281,343.27071380615234,1,1,1,True,False,True
11330,2024-12-30 16:50:45+00:00,397.7373046875,343.69481658935547,1,1,1,True,False,True
11331,2024-12-30 16:50:46+00:00,432.0976867675781,288.8966522216797,1,1,1,False,False,True
11332,2024-12-30 16:50:46+00:00,450.10406494140625,266.78455352783203,1,1,1,False,False,True
11333,2024-12-30 16:50:46+00:00,457.62469482421875,261.39720153808594,1,1,1,False,False,True
11334,2024-12-30 16:50:46+00:00,460.9801330566406,259.5974311828613,1,1,1,False,False,True
11335,2024-12-30 16:50:46+00:00,464.3716735839844,261.33785247802734,1,1,1,False,False,True
11336,2024-12-30 16:50:46+00:00,467.93939208984375,263.15985107421875,1,1,1,False,False,True
11337,2024-12-30 16:50:46+00:00,474.4860534667969,264.4783592224121,1,1,1,False,False,True
11338,2024-12-30 16:50:46+00:00,479.60986328125,276.1942024230957,1,1,1,False,False,True
11339,2024-12-30 16:50:46+00:00,481.96429443359375,274.9012794494629,1,1,1,False,False,True
11340,2024-12-30 16:50:47+00:00,483.9074401855469,273.6604118347168,1,1,1,False,False,True
